John|Doe|08123456789|Jl. Kaliurang No. 123|Yogyakarta|john.doe@email.com|johndoe|08123456789|15/03/1998|Friends|1
Jane|Smith|08198765432|Jl. Gejayan No. 45|Sleman|jane.smith@email.com|janesmith|08198765432|22/07/2000|Family|1
Ahmad|Wijaya|08156789012|Jl. Malioboro No. 67|Yogyakarta|ahmad.w@gmail.com|ahmadwijaya|08156789012|10/12/1999|Work|0
Sarah|Johnson|08134567890|Jl. Solo No. 89|Bantul|sarah.johnson@ugm.ac.id|sarahjohnson|08134567890|05/09/2001|School|0
Budi|Santoso|08167890123|Jl. Affandi No. 12|Sleman|budi.santoso@email.com|budisant|08167890123|18/01/1997|Friends|0
Siti|Rahma|08145678901|Jl. Monjali No. 34|Yogyakarta|siti.rahma@gmail.com|sitirahma|08145678901|28/06/2000|Family|1
Rudi|Hermawan|08178901234|Jl. Seturan No. 56|Sleman|rudi.h@email.com|rudihermawan|08178901234|14/11/1998|Work|0
Dewi|Lestari|08189012345|Jl. Babarsari No. 78|Yogyakarta|dewi.lestari@ugm.ac.id|dewilestari|08189012345|03/04/2001|School|1
